{
    "providers": [
        {
            "type": "bitmap",
            "file": "minecraft:font/space.png",
            "ascent": 8,
			"height": 10,
            "chars": [
                "◯"
            ]
        },
        {
            "type": "bitmap",
            "file": "minecraft:font/astronaut.png",
            "ascent": 8,
			"height": 10,
            "chars": [
                "⏺"
            ]
        },
        {
            "type": "bitmap",
            "file": "minecraft:font/odessy.png",
            "ascent": 8,
			"height": 10,
            "chars": [
                "㊚"
            ]
        },
        {
            "type": "bitmap",
            "file": "minecraft:font/captain.png",
            "ascent": 8,
			"height": 10,
            "chars": [
                "❃"
            ]
        },
        {
            "type": "bitmap",
            "file": "minecraft:font/blackhole.png",
            "ascent": 8,
			"height": 10,
            "chars": [
                "☪"
            ]
        }
    ]
}