{
    "providers": [
        {
            "type": "reference",
            "id": "minecraft:include/space"
        },
        {
            "type": "reference",
            "id": "minecraft:include/default"
        },
        {
            "type": "reference",
            "id": "minecraft:include/unifont"
        },
        {
            "type": "bitmap",
            "file": "space:font/space_split.png",
            "ascent": -32768,
            "height": 270,
            "chars": [
                "\uE197"
            ]
        },
        {
            "type": "bitmap",
            "file": "space:font/space_split.png",
            "ascent": -32768,
            "height": 293,
            "chars": [
                "\uE195"
            ]
        },
        {
            "type": "bitmap",
            "file": "space:font/space_split.png",
            "ascent": -32768,
            "height": 230,
            "chars": [
                "\uE194"
            ]
        },
        {
            "type": "bitmap",
            "file": "space:font/space_split.png",
            "ascent": -32768,
            "height": -117,
            "chars": [
                "\uE193"
            ]
        },
        {
            "type": "bitmap",
            "file": "space:font/space_split.png",
            "ascent": -32768,
            "height": -133,
            "chars": [
                "\uE192"
            ]
        },
        {
            "type": "bitmap",
            "file": "space:font/space_split.png",
            "ascent": -32768,
            "height": -166,
            "chars": [
                "\uE199"
            ]
        },
        {
            "type": "bitmap",
            "file": "space:font/space_split.png",
            "ascent": -32768,
            "height": -115,
            "chars": [
                "\uE198"
            ]
        },
        {
            "type": "bitmap",
            "file": "space:font/space_split.png",
            "ascent": -32768,
            "height": -117,
            "chars": [
                "\uE196"
            ]
        },
        {
            "type": "bitmap",
            "file": "space:font/space_split.png",
            "ascent": -32768,
            "height": -66,
            "chars": [
                "\uE236"
            ]
        },
        {
            "type": "bitmap",
            "file": "space:item/gui/oxygen/0.png",
            "ascent": -1,
            "height": 64,
            "chars": [
                "\uE200"
            ]
        },
        {
            "type": "bitmap",
            "file": "space:item/gui/oxygen/1.png",
            "ascent": -1,
            "height": 64,
            "chars": [
                "\uE201"
            ]
        },
        {
            "type": "bitmap",
            "file": "space:item/gui/oxygen/2.png",
            "ascent": -1,
            "height": 64,
            "chars": [
                "\uE202"
            ]
        },
        {
            "type": "bitmap",
            "file": "space:item/gui/oxygen/3.png",
            "ascent": -1,
            "height": 64,
            "chars": [
                "\uE203"
            ]
        },
        {
            "type": "bitmap",
            "file": "space:item/gui/oxygen/4.png",
            "ascent": -1,
            "height": 64,
            "chars": [
                "\uE204"
            ]
        },
        {
            "type": "bitmap",
            "file": "space:item/gui/oxygen/5.png",
            "ascent": -1,
            "height": 64,
            "chars": [
                "\uE205"
            ]
        },
        {
            "type": "bitmap",
            "file": "space:item/gui/oxygen/6.png",
            "ascent": -1,
            "height": 64,
            "chars": [
                "\uE206"
            ]
        },
        {
            "type": "bitmap",
            "file": "space:item/gui/oxygen/7.png",
            "ascent": -1,
            "height": 64,
            "chars": [
                "\uE207"
            ]
        },
        {
            "type": "bitmap",
            "file": "space:item/gui/oxygen/8.png",
            "ascent": -1,
            "height": 64,
            "chars": [
                "\uE208"
            ]
        },
        {
            "type": "bitmap",
            "file": "space:item/gui/oxygen/9.png",
            "ascent": -1,
            "height": 64,
            "chars": [
                "\uE209"
            ]
        },
        {
            "type": "bitmap",
            "file": "space:item/gui/oxygen/10.png",
            "ascent": -1,
            "height": 64,
            "chars": [
                "\uE210"
            ]
        },
        {
            "type": "bitmap",
            "file": "space:item/gui/oxygen/11.png",
            "ascent": -1,
            "height": 64,
            "chars": [
                "\uE211"
            ]
        },
        {
            "type": "bitmap",
            "file": "space:item/gui/oxygen/12.png",
            "ascent": -1,
            "height": 64,
            "chars": [
                "\uE212"
            ]
        },
        {
            "type": "bitmap",
            "file": "space:item/gui/oxygen/13.png",
            "ascent": -1,
            "height": 64,
            "chars": [
                "\uE213"
            ]
        },
        {
            "type": "bitmap",
            "file": "space:item/gui/oxygen/14.png",
            "ascent": -1,
            "height": 64,
            "chars": [
                "\uE214"
            ]
        },
        {
            "type": "bitmap",
            "file": "space:item/gui/fullgui.png",
            "ascent": 12,
            "height": 256,
            "chars": [
                "\uE215"
            ]
        },
        {
            "type": "bitmap",
            "file": "space:item/gui/uppergui.png",
            "ascent": 12,
            "height": 256,
            "chars": [
                "\uE216"
            ]
        },
        {
            "type": "bitmap",
            "file": "space:item/gui/rocketgui.png",
            "ascent": 12,
            "height": 256,
            "chars": [
                "\uE217"
            ]
        },
        {
            "type": "bitmap",
            "file": "space:item/gui/rocketgui_alt.png",
            "ascent": 12,
            "height": 256,
            "chars": [
                "\uE232"
            ]
        },
        {
            "type": "bitmap",
            "file": "space:item/gui/teleporter.png",
            "ascent": 12,
            "height": 256,
            "chars": [
                "\uE233"
            ]
        },
        {
            "type": "bitmap",
            "file": "space:item/gui/refinery.png",
            "ascent": 12,
            "height": 256,
            "chars": [
                "\uE234"
            ]
        },
        {
            "type": "bitmap",
            "file": "space:item/gui/suit_fabricator_craft_alt.png",
            "ascent": 12,
            "height": 256,
            "chars": [
                "\uE235"
            ]
        },
        {
            "type": "bitmap",
            "file": "space:item/gui/suit_fabricator.png",
            "ascent": 12,
            "height": 256,
            "chars": [
                "\uE218"
            ]
        },
        {
            "type": "bitmap",
            "file": "space:item/gui/suit_fabricator_extended.png",
            "ascent": 12,
            "height": 256,
            "chars": [
                "\uE226"
            ]
        },
        {
            "type": "bitmap",
            "file": "space:item/gui/suit_fabricator_slotted.png",
            "ascent": 12,
            "height": 256,
            "chars": [
                "\uE227"
            ]
        },
        {
            "type": "bitmap",
            "file": "space:item/gui/electric_furnace.png",
            "ascent": 12,
            "height": 256,
            "chars": [
                "\uE228"
            ]
        },
        {
            "type": "bitmap",
            "file": "space:item/gui/forcefield_generator.png",
            "ascent": 12,
            "height": 256,
            "chars": [
                "\uE229"
            ]
        },
        {
            "type": "bitmap",
            "file": "space:item/gui/enchanter.png",
            "ascent": 12,
            "height": 256,
            "chars": [
                "\uE230"
            ]
        },
        {
            "type": "bitmap",
            "file": "space:item/gui/disenchanter.png",
            "ascent": 12,
            "height": 256,
            "chars": [
                "\uE231"
            ]
        },
        {
            "type": "bitmap",
            "file": "space:item/gui/suit_fabricator_craft.png",
            "ascent": 12,
            "height": 256,
            "chars": [
                "\uE219"
            ]
        },
        {
            "type": "bitmap",
            "file": "space:item/gui/gboots_enabled.png",
            "ascent": -1,
            "height": 64,
            "chars": [
                "\uE220"
            ]
        },
        {
            "type": "bitmap",
            "file": "space:item/gui/gboots_disabled.png",
            "ascent": -1,
            "height": 64,
            "chars": [
                "\uE221"
            ]
        },
        {
            "type": "bitmap",
            "file": "space:item/gui/lunchbox.png",
            "ascent": 12,
            "height": 256,
            "chars": [
                "\uE222"
            ]
        },
        {
            "type": "bitmap",
            "file": "space:item/gui/modular_workbench.png",
            "ascent": 12,
            "height": 256,
            "chars": [
                "\uE223"
            ]
        },
        {
            "type": "bitmap",
            "file": "space:item/gui/charging_station.png",
            "ascent": 12,
            "height": 256,
            "chars": [
                "\uE224"
            ]
        },
        {
            "type": "bitmap",
            "file": "space:item/gui/quantum_workbench.png",
            "ascent": 12,
            "height": 256,
            "chars": [
                "\uE225"
            ]
        },
        {
            "type": "bitmap",
            "file": "space:item/gui/hud_bar/left.png",
            "ascent": 8,
            "height": 18,
            "chars": [
                "\uE237"
            ]
        },
        {
            "type": "bitmap",
            "file": "space:item/gui/hud_bar/right.png",
            "ascent": 8,
            "height": 18,
            "chars": [
                "\uE238"
            ]
        },
        {
            "type": "bitmap",
            "file": "space:item/gui/hud_bar/center_red.png",
            "ascent": 8,
            "height": 18,
            "chars": [
                "\uE239"
            ]
        },
        {
            "type": "bitmap",
            "file": "space:item/gui/hud_bar/center_green.png",
            "ascent": 8,
            "height": 18,
            "chars": [
                "\uE240"
            ]
        },
        {
            "type": "bitmap",
            "file": "space:font/space_split.png",
            "ascent": -32768,
            "height": -3,
            "chars": [
                "\uF801"
            ]
        }
    ]
}