{
	"credit": "Made by OLLIEZ4",
	"textures": {
		"0": "space:item/aluminium_alloy_boots",
		"particle": "space:item/aluminium_alloy_boots"
	},
	"elements": [
		{
			"from": [1, 3, 8],
			"to": [5, 6, 9],
			"faces": {
				"north": {"uv": [11, 10, 15, 13], "texture": "#0"},
				"east": {"uv": [4, 12, 5, 13], "texture": "#0"},
				"south": {"uv": [1, 10, 5, 13], "texture": "#0"},
				"west": {"uv": [1, 10, 2, 13], "texture": "#0"},
				"up": {"uv": [1, 10, 2, 11], "texture": "#0"},
				"down": {"uv": [1, 12, 5, 13], "texture": "#0"}
			}
		},
		{
			"from": [11, 3, 8],
			"to": [15, 6, 9],
			"faces": {
				"north": {"uv": [1, 10, 5, 13], "texture": "#0"},
				"east": {"uv": [14, 10, 15, 13], "texture": "#0"},
				"south": {"uv": [11, 10, 15, 13], "texture": "#0"},
				"west": {"uv": [11, 12, 12, 13], "texture": "#0"},
				"up": {"uv": [14, 10, 15, 11], "texture": "#0"},
				"down": {"uv": [11, 12, 15, 13], "texture": "#0"}
			}
		},
		{
			"from": [5, 4, 8],
			"to": [7, 6, 9],
			"faces": {
				"north": {"uv": [9, 10, 11, 12], "texture": "#0"},
				"east": {"uv": [6, 10, 7, 12], "texture": "#0"},
				"south": {"uv": [5, 10, 7, 12], "texture": "#0"},
				"down": {"uv": [5, 11, 7, 12], "texture": "#0"}
			}
		},
		{
			"from": [9, 4, 8],
			"to": [11, 6, 9],
			"faces": {
				"north": {"uv": [5, 10, 7, 12], "texture": "#0"},
				"south": {"uv": [9, 10, 11, 12], "texture": "#0"},
				"west": {"uv": [9, 10, 10, 12], "texture": "#0"},
				"down": {"uv": [9, 11, 11, 12], "texture": "#0"}
			}
		},
		{
			"from": [13, 6, 8],
			"to": [14, 7, 9],
			"faces": {
				"north": {"uv": [2, 9, 3, 10], "texture": "#0"},
				"east": {"uv": [13, 9, 14, 10], "texture": "#0"},
				"south": {"uv": [13, 9, 14, 10], "texture": "#0"},
				"up": {"uv": [13, 9, 14, 10], "texture": "#0"}
			}
		},
		{
			"from": [2, 6, 8],
			"to": [3, 7, 9],
			"faces": {
				"north": {"uv": [13, 9, 14, 10], "texture": "#0"},
				"south": {"uv": [2, 9, 3, 10], "texture": "#0"},
				"west": {"uv": [2, 9, 3, 10], "texture": "#0"},
				"up": {"uv": [2, 9, 3, 10], "texture": "#0"}
			}
		},
		{
			"from": [4, 12, 8],
			"to": [7, 13, 9],
			"faces": {
				"north": {"uv": [9, 3, 12, 4], "texture": "#0"},
				"east": {"uv": [6, 3, 7, 4], "texture": "#0"},
				"south": {"uv": [4, 3, 7, 4], "texture": "#0"},
				"west": {"uv": [4, 3, 5, 4], "texture": "#0"},
				"up": {"uv": [9, 3, 12, 4], "texture": "#0"}
			}
		},
		{
			"from": [9, 12, 8],
			"to": [12, 13, 9],
			"faces": {
				"north": {"uv": [4, 3, 7, 4], "texture": "#0"},
				"east": {"uv": [11, 3, 12, 4], "texture": "#0"},
				"south": {"uv": [9, 3, 12, 4], "texture": "#0"},
				"west": {"uv": [9, 3, 10, 4], "texture": "#0"},
				"up": {"uv": [4, 3, 7, 4], "texture": "#0"}
			}
		},
		{
			"from": [3, 6, 8],
			"to": [7, 12, 9],
			"faces": {
				"north": {"uv": [9, 4, 13, 10], "texture": "#0"},
				"east": {"uv": [6, 4, 7, 10], "texture": "#0"},
				"south": {"uv": [3, 4, 7, 10], "texture": "#0"},
				"west": {"uv": [3, 4, 4, 10], "texture": "#0"},
				"up": {"uv": [3, 4, 7, 5], "texture": "#0"}
			}
		},
		{
			"from": [9, 6, 8],
			"to": [13, 12, 9],
			"faces": {
				"north": {"uv": [3, 4, 7, 10], "texture": "#0"},
				"east": {"uv": [12, 4, 13, 10], "texture": "#0"},
				"south": {"uv": [9, 4, 13, 10], "texture": "#0"},
				"west": {"uv": [9, 4, 10, 10], "texture": "#0"},
				"up": {"uv": [9, 4, 13, 5], "texture": "#0"}
			}
		}
	],
	"gui_light": "front",
	"display": {
		"thirdperson_righthand": {
			"translation": [0, 3, 1],
			"scale": [0.55, 0.55, 0.55]
		},
		"thirdperson_lefthand": {
			"translation": [0, 3, 1],
			"scale": [0.55, 0.55, 0.55]
		},
		"firstperson_righthand": {
			"rotation": [0, -90, 25],
			"translation": [1.13, 3.2, 1.13],
			"scale": [0.68, 0.68, 0.68]
		},
		"firstperson_lefthand": {
			"rotation": [0, -90, 25],
			"translation": [1.13, 3.2, 1.13],
			"scale": [0.68, 0.68, 0.68]
		},
		"ground": {
			"translation": [0, 2, 0],
			"scale": [0.5, 0.5, 0.5]
		},
		"head": {
			"rotation": [0, 180, 0],
			"translation": [0, 13, 7]
		},
		"fixed": {
			"rotation": [0, 180, 0]
		}
	}
}