{
	"credit": "Made by OLLIEZ4",
	"textures": {
		"0": "space:item/aluminium_alloy_leggings",
		"particle": "space:item/aluminium_alloy_leggings"
	},
	"elements": [
		{
			"from": [3, 2, 8],
			"to": [7, 13, 9],
			"faces": {
				"north": {"uv": [9, 3, 13, 14], "texture": "#0"},
				"east": {"uv": [6, 7, 7, 14], "texture": "#0"},
				"south": {"uv": [3, 3, 7, 14], "texture": "#0"},
				"west": {"uv": [3, 3, 4, 14], "texture": "#0"},
				"up": {"uv": [3, 3, 4, 4], "texture": "#0"},
				"down": {"uv": [3, 13, 7, 14], "texture": "#0"}
			}
		},
		{
			"from": [9, 2, 8],
			"to": [13, 13, 9],
			"faces": {
				"north": {"uv": [3, 3, 7, 14], "texture": "#0"},
				"east": {"uv": [12, 3, 13, 14], "texture": "#0"},
				"south": {"uv": [9, 3, 13, 14], "texture": "#0"},
				"west": {"uv": [9, 7, 10, 14], "texture": "#0"},
				"up": {"uv": [12, 3, 13, 4], "texture": "#0"},
				"down": {"uv": [9, 13, 13, 14], "texture": "#0"}
			}
		},
		{
			"from": [7, 9, 8],
			"to": [9, 13, 9],
			"faces": {
				"north": {"uv": [7, 3, 9, 7], "texture": "#0"},
				"south": {"uv": [7, 3, 9, 7], "texture": "#0"},
				"down": {"uv": [7, 6, 9, 7], "texture": "#0"}
			}
		},
		{
			"from": [4, 13, 8],
			"to": [12, 14, 9],
			"faces": {
				"north": {"uv": [4, 2, 12, 3], "rotation": 180, "texture": "#0"},
				"east": {"uv": [11, 2, 12, 3], "texture": "#0"},
				"south": {"uv": [4, 2, 12, 3], "texture": "#0"},
				"west": {"uv": [4, 2, 5, 3], "texture": "#0"},
				"up": {"uv": [4, 2, 12, 3], "texture": "#0"}
			}
		}
	],
	"gui_light": "front",
	"display": {
		"thirdperson_righthand": {
			"translation": [0, 3, 1],
			"scale": [0.55, 0.55, 0.55]
		},
		"thirdperson_lefthand": {
			"translation": [0, 3, 1],
			"scale": [0.55, 0.55, 0.55]
		},
		"firstperson_righthand": {
			"rotation": [0, -90, 25],
			"translation": [1.13, 3.2, 1.13],
			"scale": [0.68, 0.68, 0.68]
		},
		"firstperson_lefthand": {
			"rotation": [0, -90, 25],
			"translation": [1.13, 3.2, 1.13],
			"scale": [0.68, 0.68, 0.68]
		},
		"ground": {
			"translation": [0, 2, 0],
			"scale": [0.5, 0.5, 0.5]
		},
		"head": {
			"rotation": [0, 180, 0],
			"translation": [0, 13, 7]
		},
		"fixed": {
			"rotation": [0, 180, 0]
		}
	}
}