{
	"credit": "Made by OLLIEZ4",
	"textures": {
		"0": "space:item/gold_oxygen_mask",
		"particle": "space:item/gold_oxygen_mask"
	},
	"elements": [
		{
			"from": [4, 4, 9],
			"to": [6, 12, 10],
			"faces": {
				"north": {"uv": [10, 4, 12, 12], "texture": "#0"},
				"east": {"uv": [5, 4, 6, 12], "texture": "#0"},
				"south": {"uv": [4, 4, 6, 12], "texture": "#0"},
				"west": {"uv": [4, 4, 5, 12], "texture": "#0"},
				"up": {"uv": [4, 4, 6, 5], "texture": "#0"},
				"down": {"uv": [10, 11, 12, 12], "texture": "#0"}
			}
		},
		{
			"from": [10, 4, 9],
			"to": [12, 12, 10],
			"faces": {
				"north": {"uv": [4, 4, 6, 12], "texture": "#0"},
				"east": {"uv": [11, 4, 12, 12], "texture": "#0"},
				"south": {"uv": [10, 4, 12, 12], "texture": "#0"},
				"west": {"uv": [10, 4, 11, 15], "texture": "#0"},
				"up": {"uv": [10, 4, 12, 5], "texture": "#0"},
				"down": {"uv": [4, 11, 6, 12], "rotation": 180, "texture": "#0"}
			}
		},
		{
			"from": [6, 3, 9],
			"to": [10, 13, 10],
			"faces": {
				"north": {"uv": [6, 3, 10, 13], "texture": "#0"},
				"east": {"uv": [5, 8, 6, 12], "texture": "#0"},
				"south": {"uv": [6, 3, 10, 13], "texture": "#0"},
				"west": {"uv": [10, 8, 11, 12], "texture": "#0"},
				"up": {"uv": [6, 3, 10, 4], "texture": "#0"},
				"down": {"uv": [6, 12, 10, 13], "texture": "#0"}
			}
		},
		{
			"from": [5, 12, 9],
			"to": [6, 13, 10],
			"faces": {
				"north": {"uv": [11, 4, 10, 3], "texture": "#0"},
				"east": {"uv": [0, 0, 1, 1], "texture": "#missing"},
				"south": {"uv": [5, 3, 6, 4], "texture": "#0"},
				"west": {"uv": [5, 3, 6, 4], "texture": "#0"},
				"up": {"uv": [5, 3, 6, 4], "texture": "#0"},
				"down": {"uv": [0, 0, 1, 1], "texture": "#missing"}
			}
		},
		{
			"from": [10, 12, 9],
			"to": [11, 13, 10],
			"faces": {
				"north": {"uv": [6, 4, 5, 3], "texture": "#0"},
				"east": {"uv": [10, 3, 11, 4], "texture": "#0"},
				"south": {"uv": [11, 4, 10, 3], "texture": "#0"},
				"west": {"uv": [0, 0, 1, 1], "texture": "#missing"},
				"up": {"uv": [10, 3, 11, 4], "texture": "#0"},
				"down": {"uv": [0, 0, 1, 1], "texture": "#missing"}
			}
		},
		{
			"from": [3, 5, 9],
			"to": [4, 11, 10],
			"faces": {
				"north": {"uv": [12, 5, 13, 11], "texture": "#0"},
				"east": {"uv": [0, 0, 1, 9], "texture": "#missing"},
				"south": {"uv": [3, 5, 4, 11], "texture": "#0"},
				"west": {"uv": [3, 5, 4, 11], "texture": "#0"},
				"up": {"uv": [3, 5, 4, 6], "texture": "#0"},
				"down": {"uv": [3, 10, 4, 11], "texture": "#0"}
			}
		},
		{
			"from": [12, 5, 9],
			"to": [13, 11, 10],
			"faces": {
				"north": {"uv": [3, 5, 4, 11], "texture": "#0"},
				"east": {"uv": [12, 5, 13, 10], "texture": "#0"},
				"south": {"uv": [12, 5, 13, 11], "texture": "#0"},
				"west": {"uv": [0, 0, 1, 9], "texture": "#missing"},
				"up": {"uv": [12, 5, 13, 6], "texture": "#0"},
				"down": {"uv": [12, 10, 13, 11], "texture": "#0"}
			}
		}
	],
	"gui_light": "front",
	"display": {
		"thirdperson_righthand": {
			"translation": [0, 3, 1],
			"scale": [0.55, 0.55, 0.55]
		},
		"firstperson_righthand": {
			"rotation": [0, -90, 25],
			"translation": [1.13, 3.2, 1.13],
			"scale": [0.68, 0.68, 0.68]
		},
		"ground": {
			"translation": [0, 2, 0],
			"scale": [0.5, 0.5, 0.5]
		},
		"head": {
			"rotation": [0, 180, 0],
			"translation": [0, 13, 7]
		},
		"fixed": {
			"rotation": [0, 180, 0]
		}
	}
}